/*!40101 SET @saved_cs_client     = @@character_set_client */;
/*!40101 SET character_set_client = utf8 */;
CREATE TABLE `command_settings` (
  `command` varchar(128) NOT NULL DEFAULT '',
  `access` int(11) NOT NULL DEFAULT 0,
  `aliases` varchar(256) NOT NULL DEFAULT '',
  PRIMARY KEY (`command`) USING BTREE,
  UNIQUE KEY `UK_command_settings_1` (`command`) USING BTREE
) ENGINE=InnoDB DEFAULT CHARSET=latin1 COLLATE=latin1_swedish_ci;
/*!40101 SET character_set_client = @saved_cs_client */;
INSERT INTO `command_settings` VALUES
('advnpcspawn',250,'advnpc'),
('aggrozone',200,''),
('ai',250,''),
('allowexport',0,''),
('altactivate',100,''),
('appearance',100,''),
('apply_shared_memory',250,''),
('attack',100,''),
('attackentity',100,''),
('ban',250,''),
('beard',100,''),
('beardcolor',100,''),
('bestz',100,''),
('betabuff',250,''),
('boatinfo',100,''),
('bug',250,''),
('castspell',100,'cast'),
('chat',100,''),
('chattest',250,''),
('clearsaylink',95,''),
('cleartimers',250,''),
('connectworldserver',250,'connectworld'),
('coredump',250,''),
('corpse',100,''),
('crashtest',250,''),
('d1',100,''),
('damage',100,''),
('damagetotals',100,''),
('dbspawn2',250,''),
('delacct',250,''),
('deletegraveyard',250,''),
('depop',100,''),
('depopzone',200,''),
('devtools',80,''),
('disablerecipe',250,''),
('doanim',100,''),
('emote',100,''),
('enablerecipe',250,''),
('equipitem',250,''),
('expansion',250,''),
('face',250,''),
('falltest',250,''),
('fillbuffs',250,''),
('find',50,''),
('fixmob',250,''),
('flagedit',100,''),
('fleeinfo',100,''),
('giveitem',100,'gi'),
('givemoney',100,''),
('giveplayerfaction',100,''),
('gmdamage',200,''),
('goto',100,''),
('grid',250,''),
('gridrecord',170,''),
('guild',100,'guilds'),
('guildapprove',250,''),
('guildcreate',250,''),
('guildlist',100,''),
('hair',250,''),
('haircolor',250,''),
('helm',250,''),
('help',0,''),
('hotfix',250,''),
('interrogateinv',100,''),
('interrogatelegacy',100,''),
('interrupt',250,''),
('ipban',250,''),
('ipexemption',100,''),
('iteminfo',250,''),
('keyring',250,''),
('kick',100,''),
('kill',250,''),
('leaderboard',0,''),
('list',81,''),
('listnpcs',250,''),
('load_shared_memory',250,''),
('loc',250,''),
('logs',250,''),
('logtest',250,''),
('makemule',0,''),
('makepet',250,''),
('manaburn',250,''),
('manastat',250,''),
('memspell',250,''),
('merchant_close_shop',250,'close_shop'),
('merchant_open_shop',250,'open_shop'),
('modifynpcstat',250,''),
('movechar',100,''),
('mule',250,''),
('mysql',255,''),
('mysqltest',255,''),
('mystats',250,''),
('ngpermaclass',200,''),
('ngpermarace',200,''),
('ngpermaraceclass',200,''),
('ngpermastats',200,''),
('npccast',100,''),
('npcedit',250,''),
('npcemote',250,''),
('npcloot',250,''),
('npcsay',250,''),
('npcshout',250,''),
('npcspawn',250,''),
('npctypecache',250,''),
('npctypespawn',250,'dbspawn'),
('nukebuffs',250,''),
('nukeitem',100,''),
('numauths',250,''),
('opcode',255,''),
('optest',250,''),
('path',250,''),
('petition',250,''),
('pf',100,''),
('playsound',250,''),
('profanity',150,''),
('push',100,''),
('qtest',250,''),
('quaketrigger',250,''),
('raidloot',250,''),
('randomfeatures',250,''),
('randtest',250,''),
('refreshgroup',250,''),
('reload',200,''),
('reloadspmod',150,''),
('removelegacyitem',100,''),
('repop',100,''),
('repopclose',100,''),
('resetaa',100,''),
('resetboat',100,''),
('revoke',100,'mute'),
('rewind',0,''),
('rl',200,''),
('rq',200,''),
('rules',250,''),
('save',250,''),
('scribespell',100,''),
('scribespells',200,''),
('sendop',250,''),
('sendzonespawns',250,''),
('serversidename',250,''),
('set',50,''),
('setgraveyard',250,''),
('setgreed',250,''),
('setnpcexpansion',100,''),
('show',50,''),
('showbonusstats',100,''),
('showfilters',250,''),
('showhelm',0,''),
('showlootlockouts',0,''),
('showpetspell',100,''),
('showquake',0,''),
('showregen',100,''),
('showtraderitems',250,''),
('shutdown',250,''),
('size',100,''),
('skills',100,''),
('spawn',250,''),
('spawnfix',250,''),
('spellinfo',250,''),
('starve',100,''),
('stun',100,''),
('summon',100,''),
('summonitem',100,'si'),
('suspend',100,''),
('synctod',250,''),
('testcommand',250,''),
('testspawn',250,''),
('togglepvp',0,''),
('undeletechar',200,''),
('underworld',250,''),
('unmemspell',100,''),
('unmemspells',200,''),
('unscribespell',100,''),
('unscribespells',200,''),
('viewplayerfaction',100,''),
('wc',100,''),
('worldshutdown',250,''),
('wp',250,''),
('wpadd',250,''),
('xpinfo',100,''),
('zone',100,''),
('zonebootup',250,''),
('zoneguild',80,''),
('zoneshutdown',250,''),
('zonespawn',250,''),
('zopp',250,''),
('zsave',250,''),
('zuwcoords',250,'');
/*!40101 SET @saved_cs_client     = @@character_set_client */;
/*!40101 SET character_set_client = utf8 */;
CREATE TABLE `discord_webhooks` (
  `id` int(11) NOT NULL AUTO_INCREMENT,
  `webhook_name` varchar(100) DEFAULT NULL,
  `webhook_url` varchar(255) DEFAULT NULL,
  `created_at` datetime DEFAULT NULL,
  `deleted_at` datetime DEFAULT NULL,
  PRIMARY KEY (`id`)
) ENGINE=InnoDB DEFAULT CHARSET=utf8mb4 COLLATE=utf8mb4_general_ci;
/*!40101 SET character_set_client = @saved_cs_client */;
/*!40101 SET @saved_cs_client     = @@character_set_client */;
/*!40101 SET character_set_client = utf8 */;
CREATE TABLE `launcher` (
  `name` varchar(64) NOT NULL DEFAULT '',
  `dynamics` tinyint(3) unsigned NOT NULL DEFAULT 0,
  PRIMARY KEY (`name`)
) ENGINE=MyISAM DEFAULT CHARSET=latin1 COLLATE=latin1_swedish_ci;
/*!40101 SET character_set_client = @saved_cs_client */;
INSERT INTO `launcher` VALUES
('boats',0),
('zone1',0),
('zone2',0),
('zone3',0),
('dynzone1',199),
('dynzone2',199);
/*!40101 SET @saved_cs_client     = @@character_set_client */;
/*!40101 SET character_set_client = utf8 */;
CREATE TABLE `launcher_zones` (
  `launcher` varchar(64) NOT NULL DEFAULT '',
  `zone` varchar(32) NOT NULL DEFAULT '',
  `port` mediumint(9) NOT NULL DEFAULT 0,
  `enabled` tinyint(1) unsigned zerofill DEFAULT 0,
  `expansion` varchar(64) DEFAULT NULL,
  PRIMARY KEY (`launcher`,`zone`)
) ENGINE=MyISAM DEFAULT CHARSET=latin1 COLLATE=latin1_swedish_ci;
/*!40101 SET character_set_client = @saved_cs_client */;
INSERT INTO `launcher_zones` VALUES
('zone2','nektulos',7168,1,'classic'),
('zone2','unrest',7167,1,'classic'),
('zone2','tox',7166,1,'classic'),
('zone2','steamfont',7165,1,'classic'),
('zone2','sro',7164,1,'classic'),
('zone2','southkarana',7163,1,'classic'),
('zone2','soldungb',7162,1,'classic'),
('zone2','soldunga',7161,1,'classic'),
('zone2','runnyeye',7160,1,'classic'),
('zone2','rivervale',7159,1,'classic'),
('zone2','rathemtn',7158,1,'classic'),
('zone2','qrg',7157,1,'classic'),
('zone2','qeytoqrg',7156,1,'classic'),
('zone2','qeynos2',7155,1,'classic'),
('zone3','qeynos',7154,1,'classic'),
('zone2','qey2hh1',7153,1,'classic'),
('zone2','qcat',7152,1,'classic'),
('zone2','permafrost',7151,1,'classic'),
('zone2','paw',7150,1,'classic'),
('zone2','paineel',7149,1,'classic'),
('zone3','oot',7148,1,'classic'),
('zone2','oggok',7147,1,'classic'),
('zone3','oasis',7146,1,'classic'),
('zone3','nro',7145,1,'classic'),
('zone2','northkarana',7144,1,'classic'),
('zone2','neriakc',7143,1,'classic'),
('zone2','neriakb',7142,1,'classic'),
('zone2','neriaka',7141,1,'classic'),
('zone2','najena',7140,1,'classic'),
('zone2','misty',7139,1,'classic'),
('zone2','mistmoore',7138,1,'classic'),
('zone2','lfaydark',7137,1,'classic'),
('zone2','lavastorm',7136,1,'classic'),
('zone2','lakerathe',7135,1,'classic'),
('zone1','kithicor',7134,1,'classic'),
('zone1','kerraridge',7133,1,'classic'),
('zone1','kedge',7132,1,'classic'),
('zone1','kaladimb',7131,1,'classic'),
('zone1','kaladima',7130,1,'classic'),
('zone1','innothule',7129,1,'classic'),
('zone1','highpass',7128,1,'classic'),
('zone1','highkeep',7127,1,'classic'),
('zone1','halas',7126,1,'classic'),
('zone1','guktop',7125,1,'classic'),
('zone1','gukbottom',7124,1,'classic'),
('zone1','grobb',7123,1,'classic'),
('zone1','gfaydark',7122,1,'classic'),
('zone1','freportw',7121,1,'classic'),
('zone1','freportn',7120,1,'classic'),
('zone3','freporte',7119,1,'classic'),
('zone1','felwitheb',7118,1,'classic'),
('zone1','felwithea',7117,1,'classic'),
('zone1','feerrott',7116,1,'classic'),
('zone1','everfrost',7115,1,'classic'),
('zone3','erudsxing',7114,1,'classic'),
('zone2','erudnint',7113,1,'classic'),
('zone3','erudnext',7112,1,'classic'),
('zone1','ecommons',7111,1,'classic'),
('zone1','eastkarana',7110,1,'classic'),
('zone1','crushbone',7109,1,'classic'),
('zone1','commons',7108,1,'classic'),
('zone1','cazicthule',7107,1,'classic'),
('zone1','cauldron',7106,1,'classic'),
('zone3','butcher',7105,1,'classic'),
('zone1','blackburrow',7104,1,'classic'),
('zone1','beholder',7103,1,'classic'),
('zone1','befallen',7102,1,'classic'),
('zone1','arena',7101,1,'classic'),
('zone1','akanon',7100,1,'classic'),
('zone1','load2',7169,1,'classic'),
('zone1','sodecay',7170,1,'classic'),
('zone1','load',7171,1,'classic'),
('zone2','bazaar',7185,1,'classic'),
('zone1','myriah',7176,1,'classic'),
('zone1','fearplane',7180,1,'classic'),
('zone1','airplane',7182,1,'classic'),
('zone1','hateplane',7184,1,'classic'),
('zone1','towerfrost',7183,1,'classic'),
('zone1','soltemple',7184,1,'classic'),
('zone2','hole',7191,1,'classic'),
('zone2','droga',7201,1,'classic'),
('zone2','cabwest',7202,1,'classic'),
('zone2','swampofnohope',7203,1,'classic'),
('zone3','firiona',7204,1,'classic'),
('zone2','lakeofillomen',7205,1,'classic'),
('zone2','dreadlands',7206,1,'classic'),
('zone2','burningwood',7207,1,'classic'),
('zone2','kaesora',7208,1,'classic'),
('zone2','sebilis',7209,1,'classic'),
('zone2','citymist',7210,1,'classic'),
('zone2','skyfire',7211,1,'classic'),
('zone2','frontiermtns',7212,1,'classic'),
('zone3','overthere',7213,1,'classic'),
('zone2','emeraldjungle',7214,1,'classic'),
('zone2','trakanon',7215,1,'classic'),
('zone3','timorous',7216,1,'classic'),
('zone2','kurn',7217,1,'classic'),
('zone2','karnor',7218,1,'classic'),
('zone2','chardok',7219,1,'classic'),
('zone2','dalnir',7220,1,'classic'),
('zone2','charasis',7221,1,'classic'),
('zone2','cabeast',7222,1,'classic'),
('zone2','nurga',7223,1,'classic'),
('zone2','fieldofbone',7225,1,'classic'),
('zone2','warslikswood',7227,1,'classic'),
('zone2','veeshan',7229,1,'classic'),
('zone2','injustice',7230,1,'classic'),
('zone2','injustice2',7231,1,'classic'),
('zone2','injustice3',7232,1,'classic'),
('zone2','injustice4',7233,1,'classic'),
('zone2','injustice5',7234,1,'classic'),
('zone2','injustice6',7234,1,'classic'),
('zone2','injustice30',7235,1,'classic'),
('zone2','injustice40',7236,1,'classic'),
('zone2','injustice50',7237,1,'classic'),
('zone2','injustice20',7238,1,'classic'),
('zone2','injustice10',7239,1,'classic'),
('zone3','bardingwood',7240,1,'classic');
/*!40101 SET @saved_cs_client     = @@character_set_client */;
/*!40101 SET character_set_client = utf8 */;
CREATE TABLE `logsys_categories` (
  `log_category_id` int(11) NOT NULL,
  `log_category_description` varchar(150) DEFAULT NULL,
  `log_to_console` smallint(11) DEFAULT 0,
  `log_to_file` smallint(11) DEFAULT 0,
  `log_to_gmsay` smallint(11) DEFAULT 0,
  `log_to_discord` smallint(11) DEFAULT 0,
  `discord_webhook_id` int(11) DEFAULT 0,
  PRIMARY KEY (`log_category_id`)
) ENGINE=InnoDB DEFAULT CHARSET=latin1 COLLATE=latin1_swedish_ci;
/*!40101 SET character_set_client = @saved_cs_client */;
INSERT INTO `logsys_categories` VALUES
(1,'AA',0,0,0,0,0),
(2,'AI',0,0,0,0,0),
(3,'Aggro',0,0,0,0,0),
(4,'Attack',0,0,0,0,0),
(6,'Combat',0,0,0,0,0),
(7,'Commands',3,3,0,0,0),
(8,'Crash',3,3,0,0,0),
(9,'Debug',0,0,0,0,0),
(10,'Doors',0,0,0,0,0),
(11,'Error',3,3,0,0,0),
(12,'Guilds',0,0,0,0,0),
(13,'Inventory',0,0,0,0,0),
(14,'Launcher',3,3,0,0,0),
(15,'Netcode',0,0,0,0,0),
(17,'Object',0,0,0,0,0),
(18,'Pathing',0,0,0,0,0),
(20,'Quests',0,0,0,0,0),
(21,'Rules',3,3,0,0,0),
(22,'Skills',0,0,0,0,0),
(23,'Spawns',0,0,0,0,0),
(24,'Spells',0,0,0,0,0),
(26,'TCP_Connection',3,1,0,0,0),
(27,'Tasks',0,0,0,0,0),
(28,'Tradeskills',0,0,0,0,0),
(29,'Trading',0,0,0,0,0),
(35,'MySQL Error',3,3,0,0,0),
(36,'MySQL Queries',0,0,0,0,0),
(37,'EQMac',0,0,0,0,0),
(38,'Quest Debug',0,0,0,0,0),
(43,'Maps',0,0,0,0,0),
(44,'Character',0,0,0,0,0),
(45,'Faction',0,0,0,0,0),
(46,'Group',0,0,0,0,0),
(47,'Corpse',0,0,0,0,0),
(48,'Bazaar',0,0,0,0,0),
(49,'Discs',0,0,0,0,0),
(50,'Boats',0,0,0,0,0),
(51,'Traps',0,0,0,0,0),
(52,'PTimers',0,0,0,0,0),
(53,'Nexus',0,0,0,0,0),
(54,'Pets',0,0,0,0,0),
(55,'Regen',0,0,0,0,0),
(56,'Focus',0,0,0,0,0),
(57,'Death',0,0,0,0,0),
(58,'Info',3,3,0,0,0),
(59,'Warning',3,3,0,0,0),
(64,'QuestErrors',0,0,0,0,0),
(65,'Scheduler',1,0,0,0,0),
(66,'Loot',0,0,0,0,0),
(67,'FixZ',0,0,0,0,0),
(68,'Packet S->C',0,0,0,0,0),
(69,'Packet C->S',0,0,0,0,0),
(70,'Packet S->S',0,0,0,0,0),
(71,'HotReload',1,0,1,0,0),
(72,'Zone Points',0,0,0,0,0),
(73,'EqTime',1,0,1,0,0),
(74,'Client Login',0,0,0,0,0),
(75,'Discord',1,0,0,0,0);
/*!40101 SET @saved_cs_client     = @@character_set_client */;
/*!40101 SET character_set_client = utf8 */;
CREATE TABLE `rule_sets` (
  `ruleset_id` tinyint(3) unsigned NOT NULL AUTO_INCREMENT,
  `name` varchar(255) NOT NULL DEFAULT '',
  PRIMARY KEY (`ruleset_id`)
) ENGINE=MyISAM AUTO_INCREMENT=12 DEFAULT CHARSET=latin1 COLLATE=latin1_swedish_ci;
/*!40101 SET character_set_client = @saved_cs_client */;
INSERT INTO `rule_sets` VALUES
(1,'default');
/*!40101 SET @saved_cs_client     = @@character_set_client */;
/*!40101 SET character_set_client = utf8 */;
CREATE TABLE `rule_values` (
  `ruleset_id` tinyint(3) unsigned NOT NULL DEFAULT 0,
  `rule_name` varchar(64) NOT NULL DEFAULT '',
  `rule_value` varchar(21) NOT NULL DEFAULT '',
  `notes` varchar(1024) NOT NULL DEFAULT '',
  PRIMARY KEY (`ruleset_id`,`rule_name`),
  KEY `ruleset_id` (`ruleset_id`) USING BTREE
) ENGINE=MyISAM DEFAULT CHARSET=latin1 COLLATE=latin1_swedish_ci;
/*!40101 SET character_set_client = @saved_cs_client */;
INSERT INTO `rule_values` VALUES
(1,'Character:DefaultExpansions','13','When a new account is created, this is the default bitmask expansions it is given. 1 Kunark 2 Velious 4 Luclin 8 PoP.'),
(1,'QueryServ:PlayerLogGroundSpawn','true','Logs Player Dropped or Picked-up items.'),
(1,'QueryServ:PlayerLogMoneyTransactions','false','Log Player Money Transaction/Splits'),
(1,'QueryServ:PlayerLogBankTransactions','false','Log Player Bank Transactions'),
(1,'AlKabor:GreensGiveXPToGroup','false','AK behavior is true. When true, lower level players will receive group XP when a green mob to the higher players is killed.'),
(1,'AlKabor:GreenExpBonus','true','AK is (supposedly) true.  When true, any group member that the mob is green to will have their weighted division split reduced to that of the highest level player who does get exp, resulting in a larger share to those who get exp from the mob.  This results in higher level players being able to powerlevel even more effectively.  no hard evidence is known of this however'),
(1,'AlKabor:AllowCharmPetRaidTanks','false','AK behavior is true.  If false, NPCs will ignore charmed pets once MaxEntitiesCharmTanks players get on an NPC\'s hate list as per April 2003 patch.'),
(1,'World:AdjustRespawnTimes','false','Determines if spawntimes with a boot time variable take effect or not. Set to false in the db for emergency patches.'),
(1,'Skills:MaxTrainSpecializations','50','Max level a GM trainer will train casting specializations'),
(1,'Skills:LangSkillUpModifier','70','skill ups for skills with value under 100'),
(1,'Spells:ReflectType','1','0 = disabled, 1 = single target player spells only, 2 = all player spells, 3 = all single target spells, 4 = all spells'),
(1,'Spells:BaseImmunityLevel','55','The level that targets start to be immune to stun, fear and mez spells with a max level of 0.'),
(1,'Spells:RootMinResist','5','When rolling root tick save throws, this is the minimum value that resists can result to after debuffs and level advantage.  This determines how good root is on low resist targets'),
(1,'AlKabor:NoDropRemoveTradeskill','true','AK behavior is true.  If true then no drop items will be delete if container is closed.  If false, it will not delete for the original player only.'),
(1,'AlKabor:OutOfRangeGroupXPBonus','false','AK behavior is true. When true, players out of range of the kill will still count towards the group bonus. (They will not receive XP.)  This enables the exploit that allowed a soloing player to recieve the entire 2.6x group bonus'),
(1,'Spells:MaxTotalSlotsNPC','30',''),
(1,'Spells:MaxBuffSlotsNPC','30',''),
(1,'Character:DeathExpLossMaxLevel','255','Any level greater than this will no longer lose exp on death'),
(1,'Character:DuelCorpseResTimeMS','600000','time before cant res corpse after a duel (10 minutes)'),
(1,'Spells:EnableSpellGlobals','false','If Enabled, spells check the spell_globals table and compare character data from the quest globals before allowing that spell to scribe with scribespells'),
(1,'NPC:ReturnNonQuestItems','true','Returns items on NPCs that don\'t have an EVENT_TRADE sub in their script or have KOS faction with the player'),
(1,'NPC:CheckSoWBuff','false',''),
(1,'Zone:MarkMQWarpLT','false',''),
(1,'Chat:GlobalChatLevelLimit','2','level limit you need to of reached to talk in ooc/auction/chat if your karma is too low.'),
(1,'Chat:KarmaGlobalChatLimit','72','amount of karma you need to be able to talk in ooc/auction/chat below the level limit'),
(1,'Merchant:GreedThreshold','100','How many purchases are required to or from a vendor before it becomes greedy and starts to raise their prices.'),
(1,'World:MaxClientsSetByStatus','false','If True, IP Limiting will be set to the status on the account as long as the status is > MaxClientsPerIP'),
(1,'AA:ExpPerPoint','18750000','Amount of exp per AA'),
(1,'Groundspawns:DecayTime','300000','Decay time of player dropped items. 5 minutes'),
(1,'Character:MaxFearDurationForPlayerCharacter','4','numbers of tics, each tic calculates every 6 seconds.'),
(1,'Character:MaxCharmDurationForPlayerCharacter','21',''),
(1,'Character:BaseHPRegenBonusRaces','4352','a bitmask of race(s) that receive the regen bonus. Iksar (4096) & Troll (256) = 4352. see common/races.h for the bitmask values'),
(1,'Spells:SacrificeItemID','9963','Item ID of the item Sacrifice will return (defaults to an EE)'),
(1,'Spells:MaxTotalSlotsPET','15',''),
(1,'Spells:SacrificeMaxLevel','69','last level Sacrifice will work on'),
(1,'Spells:SacrificeMinLevel','46','first level Sacrifice will work on'),
(1,'Map:FindBestZHeightAdjust','1','Adds this to the current Z before seeking the best Z position. If this is too high, mobs bounce when pathing.'),
(1,'Combat:ArcheryBaseDamageBonus','1.0000000000000','% Modifier to Base Archery Damage (.5 = 50% base damage, 1 = 100%, 2 = 200%)'),
(1,'Pathing:Fear','true','Enable pathing for fear'),
(1,'Pathing:CandidateNodeRangeZ','50.0000000000000','When searching for path start/end nodes, only nodes within this range will be considered.'),
(1,'Combat:ArcheryBonusRequiresStationary','true','does the 2x archery bonus chance require a stationary npc'),
(1,'Combat:UseDiscTimerGroups','false','After about 2004 or so, disc reuse timers were combined into groups so multiple discs could be used in succession.'),
(1,'NPC:LastFightingDelayMovingMax','30000',''),
(1,'NPC:NPCTemplateID','541','MonsterSum1'),
(1,'NPC:LastFightingDelayMovingMin','5000',''),
(1,'Aggro:ClientAggroCheckMovingInterval','1000','Interval in which clients actually check for aggro while moving - in milliseconds - this should be lower than ClientAggroCheckIdleInterval'),
(1,'Zone:PEQZoneDebuff2','2209','Second debuff casted by #peqzone Default is Tendrils of Apathy.'),
(1,'Zone:SpawnEventMin','5','When strict is set in spawn_events, specifies the max EQ minutes into the trigger hour a spawn_event will fire.'),
(1,'Zone:PEQZoneDebuff1','4454','First debuff casted by #peqzone Default is Cursed Keeper\'s Blight.'),
(1,'Zone:IdleTimer','600000','600000ms = 10 minutes'),
(1,'Zone:PEQZoneReuseTime','300','How long, in seconds, until you can reuse the #peqzone command.'),
(1,'Zone:BoatDistance','50','In zones where boat name is not set in the PP, this is how far away from the boat the client must be to move them to the boat\'s current location.'),
(1,'Pathing:CandidateNodeRangeXY','400.0000000000000','When searching for path start/end nodes, only nodes within this range will be considered.'),
(1,'AlKabor:GroupEXPBonuses','false','AK behavior is true. When true, the broken 4-6 member group bonuses will be used.  Note: ClassicGroupEXPBonuses must be false for this to work'),
(1,'AlKabor:InvulnHateReduction','false','DA spells seemed to have reduced hate on AK by an unknown amount; if true this will halve the hate'),
(1,'AlKabor:ReduceAEExp','false','AK behavior is true.  Reduce the amount of experience gained when NPC is killed with a PBAoE spell.  Applies to NPCs around level 35 to 55'),
(1,'Zone:UsePEQZoneDebuffs','false','Will determine if #peqzone will debuff players or not when used.'),
(1,'Zone:IdleWhenEmpty','true','After timer is expired, if zone is empty it will idle. Boat zones are excluded, as this will break boat functionality.'),
(1,'Character:RaidExpMultiplier','1.0000000000000','showeq forum says raid exp was 60%'),
(1,'World:MinGMAntiHackStatus','11','Minimum GM status to check against AntiHack list'),
(1,'Zone:NexusTimer','900000','Nexus timer in ms. Defaults to 15 minutes.'),
(1,'Chat:KarmaUpdateIntervalMS','1200000',''),
(1,'Character:GroupExpMultiplier','1.0000000000000',''),
(1,'Chat:MaxMessagesBeforeKick','20',''),
(1,'Chat:IntervalDurationMS','60000',''),
(1,'Chat:MinimumMessagesPerInterval','4',''),
(1,'Chat:MaximumMessagesPerInterval','16',''),
(1,'Chat:MinStatusToBypassAntiSpam','80',''),
(1,'Chat:EnableMailKeyIPVerification','true',''),
(1,'Chat:EnableAntiSpam','true',''),
(1,'Aggro:ClientAggroCheckIdleInterval','3000','Interval in which clients actually check for aggro while idle - in milliseconds - this should be higher than ClientAggroCheckMovingInterval'),
(1,'Doors:LargeRaceRange','1180.0000000000000',''),
(1,'World:GMAccountIPList','false','Check ip list against GM Accounts, AntiHack GM Accounts.'),
(1,'Character:AAExpMultiplier','0.0',''),
(1,'EventLog:RecordBuyFromMerchant','false','Record purchases by a player from an NPC merchant in eventlog table'),
(1,'EventLog:SkipCommonPacketLogging','true',' Doesn\'t log OP_MobHealth or OP_ClientUpdate'),
(1,'EventLog:RecordSellToMerchant','false','Record sales from a player to an NPC merchant in eventlog table'),
(1,'QueryServ:PlayerLogChat','true','Logs Player Chat'),
(1,'Spells:TranslocateTimeLimit','0','If not zero, time in seconds to accept a Translocate.'),
(1,'Spells:RootBreakCheckChance','75','Determines chance for a root break check to occur each buff tick.'),
(1,'Channels:RequiredStatusListAll','251','Required status to list all chat channels'),
(1,'Channels:RequiredStatusAdmin','251','Required status to administer chat channels'),
(1,'Channels:DeleteTimer','1440','Empty password protected channels will be deleted after this many minutes'),
(1,'Bazaar:MaxSearchResults','200',''),
(1,'World:ExemptAccountLimitStatus','200','Min status required to be exempt from multi-session per account limiting (-1 is disabled)'),
(1,'Zone:NexusScionTimer','900000','Nexus timer in ms. Defaults to 15 minutes.'),
(1,'World:AccountSessionLimit','1','Max number of characters allowed on at once from a single account (-1 is disabled)'),
(1,'AlKabor:MaxEntitiesCharmTanks','8','If AllowCharmPetRaidTanks is false, this is the max number of entities on an NPC\'s hate list before the NPC will ignore charmed pets.  April 2003 patch set this to 4 on Live.'),
(1,'Character:BindAnywhere','false',''),
(1,'Spells:WizCritLevel','12','level wizards first get spell crits'),
(1,'Chat:ServerWideAuction','false',''),
(1,'Chat:ServerWideOOC','false',''),
(1,'Character:MaxExpLevel','60','Sets the Max Level attainable via Experience'),
(1,'Character:CorpseOwnerOnlineTimeMS','30000','how often corpse will check if its owner is online'),
(1,'Zone:AutoShutdownDelay','3600000','How long a dynamic zone stays loaded while empty.  if the zone database field is longer then that is used instead'),
(1,'World:ClearTempMerchantlist','true','Clears temp merchant items when world boots.'),
(1,'World:AddMaxClientsPerIP','-1','Maximum number of clients allowed to connect per IP address if account status is < ExemptMaxClientsStatus. Default value: -1 (feature disabled)'),
(1,'Quarm:GuildFTELockoutTimeMS','300000',''),
(1,'Pathing:MaxNavmeshNodes','8184','Maximum navmesh nodes in a traversable path'),
(1,'World:AddMaxClientsStatus','-1','Accounts with status >= this rule will be allowed to use the amount of accounts defined in the AddMaxClientsPerIP. Default value: -1 (feature disabled)'),
(1,'AlKabor:LevelCorpsesAlwaysSpawn','55','AK behavior is 55. The level NPC corpses will not poof even if a NPC was top hate/final blow.'),
(1,'Quarm:RespawnReductionStandardPullLimit','35',''),
(1,'AlKabor:StripBuffsOnLowHP','true','AK behavior is true'),
(1,'NPC:CorpseUnlockTimer','240000',''),
(1,'NPC:EmptyNPCCorpseDecayTimeMS','30000',''),
(1,'World:UseBannedIPsTable','false','Toggle whether or not to check incoming client connections against the Banned_IPs table. Set this value to false to disable this feature.'),
(1,'Zone:MQWarpExemptStatus','80','Required status level to exempt the MQWarpDetector. Set to -1 to disable this feature.'),
(1,'Zone:MQWarpDetectionDistanceFactor','9.0000000000000','clients move at 4.4 about if in a straight line but with movement and to acct for lag we raise it a bit'),
(1,'Zone:MQZoneExemptStatus','80','Required status level to exempt the MQZoneDetector. Set to -1 to disable this feature.'),
(1,'Zone:MQGhostExemptStatus','80','Required status level to exempt the MGhostDetector. Set to -1 to disable this feature.'),
(1,'Zone:MQGateExemptStatus','80','Required status level to exempt the MQGateDetector. Set to -1 to disable this feature.'),
(1,'Zone:EnableMQWarpDetector','false','Enable the MQWarp Detector. Set to False to disable this feature.'),
(1,'Combat:FleeIfNotAlone','false','If false, mobs won\'t flee if other mobs are in combat with it.'),
(1,'Zone:EnableMQZoneDetector','true','Enable the MQZone Detector. Set to False to disable this feature.'),
(1,'Zone:EnableMQGateDetector','true','Enable the MQGate Detector. Set to False to disable this feature.'),
(1,'World:MaxClientsPerIP','1','Maximum number of clients allowed to connect per IP address if account status is < AddMaxClientsStatus. Default value: -1 (feature disabled)'),
(1,'Spells:AI_EngagedNoSpellMaxRecast','2000','AI spell recast time(MS) check when no spell is cast engaged.(max time in random)'),
(1,'Character:DeathItemLossLevel','10',''),
(1,'Zone:EnableMQGhostDetector','true','Enable the MQGhost Detector. Set to False to disable this feature.'),
(1,'NPC:BuffFriends','true',''),
(1,'Aggro:SpellAggroMod','100',''),
(1,'Combat:AssistNoTargetSelf','false','when assisting a target that does not have a target: true = target self, false = leave target as was before assist (false = live like)'),
(1,'Combat:TauntOverLevel','true','Allows you to taunt NPC\'s over warriors level.'),
(1,'Combat:UseArcheryBonusRoll','false','Make the 51+ archery bonus require an actual roll'),
(1,'Character:DisableAAs','true','Disables server side AA support, since the client allows some AA activity through even with a pre-Luclin expansion set.'),
(1,'Watermap:FishingLineLength','100.0000000000000','If water is more than this far below the player, it is considered too far to fish'),
(1,'Watermap:FishingLineExtension','12.0000000000000','In some zones, setting a longer length causes the line to go underworld. This gives us a variable to work with in areas that need a longer line.'),
(1,'Watermap:FishingRodLength','30.0000000000000','How far in front of player water must be for fishing to work'),
(1,'Watermap:CheckForWaterWhenFishing','true','Only lets a player fish near water (if a water map exists for the zone)'),
(1,'NPC:IgnoreQuestLoot','false',''),
(1,'Watermap:CheckForWaterOnSendTo','true','Checks if a mob has moved into/out of water on SendTo'),
(1,'Chat:SuppressCommandErrors','false','Do not suppress by default'),
(1,'NPC:OOCRegen','1',''),
(1,'Watermap:CheckWaypointsInWaterWhenLoading','true','Does not apply BestZ as waypoints are loaded if they are in water'),
(1,'NPC:SayPauseTimeInSec','70',''),
(1,'Character:HealOnLevel','false',''),
(1,'Character:FeignKillsPet','false',''),
(1,'Zone:ClientLinkdeadMS','40000','the time a client remains link dead on the server after a sudden disconnection'),
(1,'Map:FixPathingZOnSendTo','true','try to repair Z coords in the SendTo routine as well.'),
(1,'Map:FixPathingZWhenLoading','true','increases zone boot times a bit to reduce hopping.'),
(1,'Zone:EnableShadowrest','false','enables or disables the shadowrest zone feature for player corpses. Default is turned on.'),
(1,'Character:ExpMultiplier','1.0',''),
(1,'NPC:MinorNPCCorpseDecayTimeMS','480000','level<55'),
(1,'NPC:MajorNPCCorpseDecayTimeMS','1800000','level>=55'),
(1,'Combat:ClientBaseCritChance','0','The base crit chance for all clients, this will stack with warrior\'s/zerker\'s crit chance.'),
(1,'Spells:ResistChance','2.0000000000000','chance to resist given no resists and same level'),
(1,'Combat:EnableFearPathing','true',''),
(1,'Combat:FleeHPRatio','21','HP % under which an NPC starts to flee.'),
(1,'World:ExemptMaxClientsStatus','-1','Exempt accounts from the MaxClientsPerIP and AddMaxClientsStatus rules, if their status is >= this value. Default value: -1 (feature disabled)'),
(1,'Spells:BlindBreakCheckChance','75','Determines chance for blind tick save throw'),
(1,'Spells:AI_EngagedNoSpellMinRecast','750','AI spell recast time(MS) check when no spell is cast while engaged. (min time in random)'),
(1,'World:ZoneAutobootTimeoutMS','120000',''),
(1,'World:ClientKeepaliveTimeoutMS','30000',''),
(1,'Pets:AttackCommandRange','200.0000000000000',''),
(1,'Skills:MaxTrainTradeskills','21',''),
(1,'GM:GMWhoList','80',''),
(1,'Character:AutosaveIntervalS','240','0=disabled'),
(1,'Character:LeaveNakedCorpses','true',''),
(1,'Character:DeathExpLossLevel','11','Any level greater than this will lose exp on death'),
(1,'Character:CorpseDecayTimeMS','604800000','7 days'),
(1,'GM:MinStatusToZoneAnywhere','80',''),
(1,'GM:MinStatusToLevelTarget','100',''),
(1,'Character:MaxLevel','60',''),
(1,'Character:LeaveCorpses','true',''),
(1,'Character:HasteCap','100','Haste cap for non-v3(overhaste) haste.'),
(1,'Character:MaxDraggedCorpses','2',''),
(1,'Character:DragCorpseDistance','400.0000000000000','If the corpse is <= this distance from the player, it won\'t move'),
(1,'Combat:ArcheryNPCMultiplier','1.0000000000000','this is multiplied by the regular dmg to get the archery dmg'),
(1,'Aggro:TunnelVisionAggroMod','0.7500000000000','people not currently the top hate generate this much hate on a Tunnel Vision mob'),
(1,'Character:ItemCastsUseFocus','false','If true, this allows item clickies to use focuses that have limited max levels on them'),
(1,'World:PVPSettings','0','Sets the PVP settings for the server, 1 = Rallos Zek RuleSet, 2 = Tallon/Vallon Zek Ruleset, 4 = Sullon Zek Ruleset, 6 = Discord Ruleset, anything above 6 is the Discord Ruleset without the no-drop restrictions removed. TODO: Edit IsAttackAllowed in Zone to accomodate for these rules.'),
(1,'World:MuleToonLimit','8','The number of characters a mule account can create/access.'),
(1,'World:FVNoDropFlag','0','Sets the Firiona Vie settings on the client. If set to 2, the flag will be set for GMs only, allowing trading of no-drop items.'),
(1,'World:TellQueueSize','200',''),
(1,'World:BootHour','0','Sets the in-game hour world will set when it first boots. 0-24 are valid options, where 0 disables this rule.'),
(1,'World:WhoListLimit','20','The max players returned in /who all.'),
(1,'Character:MinStatusForNoDropExemptions','80','This allows status x and higher to trade no drop items.'),
(1,'Spells:AI_EngagedBeneficialSelfChance','100','Chance during first AI Cast check to do a beneficial spell on self.'),
(1,'Character:SkillCapMaxLevel','-1','Sets the Max Level used for Skill Caps (from skill_caps table). -1 makes it use MaxLevel rule value. It is set to 75 because PEQ only has skillcaps up to that level, and grabbing the players\' skill past 75 will return 0, breaking all skills past that level. This helps servers with obsurd level caps (75+ level cap) function without any modifications.'),
(1,'Guild:MaxGuilds','300',''),
(1,'GM:MinStatusToUseGMItem','80',''),
(1,'Console:SessionTimeOut','600000','Amount of time in ms for the console session to time out'),
(1,'QueryServ:LevelAlwaysLogKills','15','The NPC level where player kills are always logged. Below this only possible killsteals are logged. Set to 1 to disable.'),
(1,'Spells:LiveLikeFocusEffects','true','Determines whether specific healing, dmg and mana reduction focuses are randomized'),
(1,'Spells:JamFestAAOnlyAffectsBard','true','Bard Jam Fest AA only worked on bards themselves but was changed after AK\'s era.  Changing this to false will put the client stats out of sync with the server.'),
(1,'NPC:StartEnrageValue','9','% HP that an NPC will begin to enrage'),
(1,'NPC:LiveLikeEnrage','false','If set to true then only player controlled pets will enrage'),
(1,'NPC:BoatsRunByDefault','true','Mainly to make it easier to adjust boats\' timing on the fly.'),
(1,'Character:CheckCursorEmptyWhenLooting','true','If true, a player cannot loot a corpse (player or NPC) with an item on their cursor'),
(1,'Character:SacrificeCorpseDepop','false','If true, Sacrificed corpses will depop 3 minutes after they become empty in Pok, Nexus, or Bazaar'),
(1,'Character:MaintainIntoxicationAcrossZones','true','If true, alcohol effects are maintained across zoning and logging out/in.'),
(1,'Character:ForageNeedFoodorDrink','true',''),
(1,'Character:EnableDiscoveredItems','false','If enabled, it enables EVENT_DISCOVER_ITEM and also saves character names and timestamps for the first time an item is discovered.'),
(1,'Character:KeepLevelOverMax','false','Don\'t delevel a character that has somehow gone over the level cap'),
(1,'Character:CorpseResTimeMS','10800000','time before can not res corpse(3 hours)'),
(1,'Character:StatCap','0',''),
(1,'Character:BaseInstrumentSoftCap','36','Softcap for instrument mods, 36 commonly referred to as 3.6 as well.'),
(1,'Zone:UsePlayerCorpseBackups','true','Keeps backups of player corpses.'),
(1,'Spells:ResistFalloff','67','Max that level that will adjust our resist chance based on level modifiers'),
(1,'Spells:CharmMinResist','5',' When rolling charm tick save throws, this is the minimum value that resists can result to after debuffs and level advantage.  This essentially determines how good charm is'),
(1,'Spells:RootBreakFromSpells','55','Chance for root to break when cast on.'),
(1,'Combat:NPCFlurryChance','20','Chance for NPC to flurry.'),
(1,'Combat:QuiverWRHasteDiv','4','Weight Reduction is divided by this to get haste contribution for quivers'),
(1,'Spells:AdditiveBonusValues','false','Allow certain bonuses to be calculated by adding together the value from each item, instead of taking the highest value. (ie Add together all Cleave Effects)'),
(1,'Spells:FocusCombatProcs','false','Allow all combat procs to receive focus effects.'),
(1,'Spells:SHDProcIDOffByOne','true','pre June 2009 SHD spell procs were off by 1, they stopped doing this in June 2009 (so UF+ spell files need this false)'),
(1,'Spells:SwarmPetTargetLock','false','Use old method of swarm pets target locking till target dies then despawning.'),
(1,'Character:PerCharacterQglobalMaxLevel','false','This will check for qglobal \'CharMaxLevel\' character qglobal (Type 5), if player tries to level beyond that point, it will not go beyond that level'),
(1,'Character:ManaOnLevel','false',''),
(1,'QueryServ:PlayerLogNPCKills','false','Logs Player NPC Kills'),
(1,'QueryServ:PlayerLogTrades','true','Logs Player Trades'),
(1,'Zone:EnableNexusPortalsOnExpansion','false','Nexus enables When Luclin is the current expansion'),
(1,'World:IPLimitDisconnectAll','false',''),
(1,'World:DontBootDynamics','true','If true, dynamic zones will not boot when a player tries to enter them.'),
(1,'Zone:EnableNexusPortals','false',''),
(1,'Pets:UnTargetableSwarmPet','false',''),
(1,'QueryServ:PlayerLogMerchantTransactions','true','Logs Merchant Transactions'),
(1,'QueryServ:PlayerLogDeletes','true','Logs Player Deletes'),
(1,'QueryServ:PlayerLogMoves','false','Logs Player Moves'),
(1,'Spells:ReducePacifyDuration','false','AK and the eqmac client have 60 tick Pacify (spell 45) duration.  This rule reduces the duration to 7 ticks without desyncing the cast bar and focus effects for custom servers that want this.'),
(1,'Quarm:MinStatusToZoneIntoAnyGuildZone','100','Required amount of same-guild members to participate in a raid encounter. These must be in the same guild, and one officer from the current guild must be in the raid.'),
(1,'Quarm:LimitPBAOEDetrimentalSpells','true',''),
(1,'Quarm:EnableQuakeDowntimeRecovery','false','24 Hour'),
(1,'Quarm:IncludeMulesInServerCount','false',''),
(1,'Quarm:InstanceZEMOverride','20.0000000000000',''),
(1,'Quarm:EnableGuildZoneRequirementOnEntry','false','Classic behavior is true. Live Quarm has this false by default. CSR complaints about training warranted this behavior.'),
(1,'Quarm:EnableLuclinEraShieldACOvercap','0',''),
(1,'Zone:LevelBasedEXPMods','true','Allows you to use the level_exp_mods table in consideration to your players EXP hits.  This is used for Hell Level Balance Modifiers used for Luclin era hell level smoothing.  Make all the rows 1.0 for Velious era exp'),
(1,'Quarm:EastCommonMules','true',''),
(1,'Quarm:EnableBardDamagingAOECap','true',''),
(1,'Quarm:DeletedCharacterMarkLevel','1',''),
(1,'Quarm:BardDamagingAOECap','12',''),
(1,'Quarm:CorpseUnlockIsHalvedDecayTime','true',''),
(1,'Spells:BuffLevelRestrictions','true','Buffs will not land on low level toons like live'),
(1,'Zone:WeatherTimer','2160','Weather timer when no duration is available'),
(1,'Quarm:AntiSpamMuteInSeconds','900','Defaults to 15 minutes. Live will likely adjust this'),
(1,'Quarm:AccidentalFallUnitDist','50.0000000000000','Length of initial zonein fall protection, in MS.'),
(1,'Quarm:AccidentalFallTimerMS','15000','Length of initial zonein fall protection, in MS.'),
(1,'Character:BaseRunSpeed','0.6999999880791',''),
(1,'Spells:FearBreakCheckChance','70','Determines chance for a fear break check to occur each buff tick.'),
(1,'Spells:AI_SpellCastFinishedFailRecast','800','AI spell recast time(MS) when an spell is cast but fails (ie stunned).'),
(1,'Quarm:AOEThrottlingMaxAOETargets','50','This will curb nonsense with performance issues relating to amount of targets if the amount of clients exceeds 300 in a single zone.'),
(1,'Quarm:EnableChecksumEnforcement','false','Enables or disables the dll checksum enforcement.'),
(1,'Map:FixZWhenPathing','true','very CPU intensive, but helps hopping with widely spaced waypoints.'),
(1,'Quarm:EnablePetExperienceSplit','false','Accurate from Classic Launch until Luclin. Enables pet experience weights in groups (or 50% if solo) if a single pet deals more than 50% damage to a target out of all contributing damage.'),
(1,'Merchant:UseGreed','false','if true, merchants that do not already have a database set greed value will raise their prices the more they are sold to or bought from.  This is custom behavior and not classic'),
(1,'Merchant:ClearTempList','true','clear temp list after death if set true.'),
(1,'QueryServ:PlayerLogZone','false','Logs Player Zone Events'),
(1,'Quarm:EnableSpellSixLevelRule','true',''),
(1,'QueryServ:PlayerLogConnectDisconnect','false','Logs Player Connect Disconnect State'),
(1,'QueryServ:PlayerLogLevels','false','Logs Player Leveling/Deleveling'),
(1,'Quarm:RespawnReductionLowerBound','12000','12s'),
(1,'Quarm:RespawnReductionLowerBoundMax','60000','60 to 400 seconds'),
(1,'Quarm:RespawnReductionLowerBoundMin','12001','60 to 400 seconds'),
(1,'Quarm:RespawnReductionHigherBound','60000','60s'),
(1,'Quarm:RespawnReductionHigherBoundMax','900000','10 to 60 seconds'),
(1,'Quarm:RespawnReductionHigherBoundMin','60001','10 to 60 seconds'),
(1,'Quarm:EnableRespawnReductionSystem','true','10 to 60 seconds'),
(1,'Quarm:HardcoreDeathBroadcastLevel','15','Defaults to level 15. A serverwide message is generated when someone dies after this level milestone.'),
(1,'Quarm:RespawnReductionNewbiePullLimit','35',''),
(1,'Quarm:DeleteHCCharactersAfterDeath','false','If true, characters whom are flagged as hardcore will be deleted after their untimely death with no way to recover them.'),
(1,'QueryServ:PlayerLogAARate','false','Logs Player AA Experience Rates'),
(1,'Quarm:QuakeEndTimeDuration','10800','24 Hours'),
(1,'AlKabor:Count6thGroupMember','true','AK behavior is true. When true, the 6th member of the group will count towards the split, thus reducing the XP everybody gets.  Note: this should be false if using the post June 2003 PC era exp rules is intended'),
(1,'AlKabor:AllowPriceIncWhileBrowsing','true','AK behavior is true. If true, this allows Bazaar traders to increase the price of an item while another player is browsing their wares.'),
(1,'AlKabor:NPCsSendHPUpdatesPerTic','false','AK behavior is true. NPCs will only send HP updates every tic or when targeted instead of real time.'),
(1,'AlKabor:NoMaxWhoGuild','true','AK behavior is false. If true, /who all guild# will return without a limit.'),
(1,'Character:EmptyCorpseDecayTimeMS','43200000','3 hours'),
(1,'AlKabor:AllowPetPull','false','Allow Green Pet Pull (AK behavior is true)'),
(1,'AlKabor:AllowTickSplit','false','AK behavior is true'),
(1,'Character:CanCreate','true',''),
(1,'Quarm:QuakeRepopDelay','5','15 Minutes'),
(1,'Skills:SkillUpModifier','0.7500000000000','combat skill-up rate multiplier.  1.0 = accurate skill-up rate for AK/old EQ'),
(1,'QueryServ:PlayerLogAAPurchases','false','Log Player AA Purchases'),
(1,'QueryServ:PlayerLogDeaths','true','Logs Player Deaths'),
(1,'Quarm:QuakeMaxVariance','604800','10 Days'),
(1,'QueryServ:PlayerLogTradeSkillEvents','false','Log Player Tradeskill Transactions'),
(1,'QueryServ:PlayerLogQGlobalUpdate','false','Logs Player QGlobal Updates'),
(1,'Quarm:QuakeMinVariance','259200','7 Days'),
(1,'QueryServ:PlayerLogLoot','true','Log Player Looting cash/Items'),
(1,'World:StreamDataRate','50','Sets the datarate for EQOldStream. Defaults to 50.'),
(1,'QueryServ:PlayerLogItemDesyncs','true','Log Player item desyncs'),
(1,'Doors:NormalRaceRange','125.0000000000000',''),
(1,'Quarm:EnableQuakes','true','Quarm default is true. If false, disable the auto-quake system.'),
(1,'AlKabor:ReducedMonkAC','false','AK behavior is true.  Monks had a low AC softcap from October 16 2002 to April 8 2003 which made them squishy.  Sony partially unnerfed them in April 03.'),
(1,'AlKabor:BlockProjectileWalls','false','AK behavior is true.  If an NPC was walled, then arrows and bolts had to be fired from an angle parallel to the wall in order to hit them. (if this is true, corners will also block)'),
(1,'AlKabor:BlockProjectileCorners','false','AK behavior is true.  If an NPC was in a corner, arrows and bolts would not hit them.'),
(1,'AlKabor:VeliousGroupEXPBonuses','true','AK behavior is false.  If true, use the Velious to mid PoP era group exp bonus. (2% for 2 members, up to 20% for 6 members)  This was the case from Jan 2001 to June 2003 on PC.  (prior to that was a 6 man bonus of 10%)  False will use the post June 2003 bonus of 20% per aditional member up to 80%'),
(1,'AlKabor:RaceEffectsAASplit','true','AK behavior is true.  If true then race exp penalties (and bonus in case of halfling) will modify AA Exp ONLY when AA Exp is under 100%'),
(1,'AlKabor:ServerExpBonus','false','AK behavior is true.  This grants a multiplicative 20% experience bonus that was unique to AK'),
(1,'AlKabor:RememberAir','true','AK behavior is true. If zoning from one underwater area to another, remember air_remaining value. If false, it\'s set to 100.'),
(1,'AlKabor:ClickyHateExploit','false','AK behavior is true. When true, it allows Invis Vs Animals clicky items to generate massive hate.'),
(1,'World:CurrentExpansion','1.0',''),
(1,'AlKabor:EnableMobLevelModifier','false','AK behavior is true.  If true, enable the September 4 & 6 2002 patch exp modifications that granted a large experience bonus to kills within +/-5 levels of the player for level 51+ players'),
(1,'Items:DisableNoRent','false',''),
(1,'Bugs:ReportingSystemActive','true','Activates bug reporting'),
(1,'Petitions:PetitionSystemActive','false','Activates bug reporting'),
(1,'AlKabor:ClassicGroupEXPBonuses','false','AK behavior is false.  If true, use the Clsasic to 1 month into Velious era group exp bonus. (2% for 2 members, up to 10% for 6 members)  This was the case from Launch until to Jan 2001 on PC.  False will use the Velious double bonus rules if enabled, or the post June 2003 bonus of 10% per additional member up to 80% if both Velious and Classic rules are disabled.'),
(1,'AlKabor:EnableEraItemRules','true','AK behavior is false. If true, disable item data in the era they did not exist in.'),
(1,'Items:DisableNoDrop','false',''),
(1,'AlKabor:EnableLuclinHarmonyResistOverride','false','AK behavior is true. If true, enable the late Luclin Harmony resist override.'),
(1,'Groundspawns:RandomSpawn','true','Determines if groundspawns with random spawn locs will periodically despawn and respawn elsewhere.'),
(1,'AlKabor:EnableLatePlanesHarmonyNerf','false','AK behavior is true. If true, enable the late Planes of Power Harmony nerf'),
(1,'QueryServ:BazaarAuditTrail','false','Log Bazaar transactions'),
(1,'Character:MaxBetaBuffLevel','1','25'),
(1,'Character:ItemManaRegenCap','15',''),
(1,'Character:ItemATKCap','250',''),
(1,'Spells:AI_EngagedBeneficialOtherChance','25','Chance during second AI Cast check to do a beneficial spell on others.'),
(1,'Spells:AI_EngagedDetrimentalChance','25','Chance during third AI Cast check for DPS classes do a determental spell on others.'),
(1,'Spells:AI_EngagedDetrimentalChanceHealer','25','Chance during third AI Cast check for healer classes to do a determental spell on others.'),
(1,'Spells:AI_EngagedDetrimentalChanceHybrid','3','Chance during third AI Cast check for hybrid classes to do a determental spell on others.'),
(1,'Spells:AI_IdleNoSpellMinRecast','1500','AI spell recast time(MS) check when no spell is cast while idle. (min time in random)'),
(1,'Spells:AI_IdleNoSpellMaxRecast','6000','AI spell recast time(MS) check when no spell is cast while idle. (max time in random)'),
(1,'Spells:AI_IdleBeneficialChance','100','Chance while idle to do a beneficial spell on self or others.'),
(1,'Spells:SpellRecoveryTimer','2500','Begins when a cast is complete, and is checked after the next spell finishes casting. If not expired, the new spell is interrupted. Clickies are exempt.'),
(1,'Combat:RogueCritThrowingChance','25','Rogue throwing crit bonus'),
(1,'Combat:RogueDeadlyStrikeChance','80','Rogue chance throwing from behind crit becomes a deadly strike'),
(1,'Combat:RogueDeadlyStrikeMod','2','Deadly strike modifier to crit damage'),
(1,'Combat:MinRangedAttackDist','25','Minimum Distance to use Ranged Attacks'),
(1,'Combat:MinHastedDelay','400','how fast we can get with haste.'),
(1,'Combat:ArcheryBonusChance','50',''),
(1,'Combat:BerserkerFrenzyStart','35',''),
(1,'Combat:BerserkerFrenzyEnd','45',''),
(1,'Combat:PvPMeleeDmgPct','100','Percentage of melee damage done in PvP combat. 100 = 100% i.e. unmodified'),
(1,'Combat:PvPSpellDmgPct','62','Percentage of spell damage done in PvP combat. 100 = 100% i.e. unmodified'),
(1,'Combat:PvPArcheryDmgPct','100','Percentage of archery damage done in PvP combat. 100 = 100% i.e. unmodified'),
(1,'Groundspawns:DisarmDecayTime','300000','Decay time of weapons dropped due to disarm 5 minutes'),
(1,'Groundspawns:FullInvDecayTime','21600000','Decay time of items dropped due to full inventory (trades/merchants) Default 6 hours.'),
(1,'Range:EventSay','5000',''),
(1,'Range:EventAggroSay','5000',''),
(1,'Range:Say','100',''),
(1,'Range:Emote','135',''),
(1,'Range:BeginCast','200',''),
(1,'Range:Anims','135',''),
(1,'Range:ProjectileAnims','135',''),
(1,'Range:SpellAnims','135',''),
(1,'Range:DamageMessages','75',''),
(1,'Range:CombatSpecials','80',''),
(1,'Range:SpellMessages','75',''),
(1,'Range:SongMessages','60',''),
(1,'Character:EXPLossMultiplier','1.0',''),
(1,'Character:EnvironmentDamageMulipliter','1.0000000000000',''),
(1,'Zone:GroupEXPRange','500.0000000000000',''),
(1,'AlKabor:LightBlueExpMod','100.0000000000000','Make sure they are all 100.0 for accurate experience gains.  Exp scaling by level is handled in the exp routines'),
(1,'AlKabor:BlueExpMod','100.0000000000000',''),
(1,'AlKabor:WhiteExpMod','100.0000000000000',''),
(1,'AlKabor:YellowExpMod','100.0000000000000',''),
(1,'AlKabor:RedExpMod','100.0000000000000',''),
(1,'Quarm:SpeedieDistThreshold','5.0000000000000',''),
(1,'Quarm:SpeedieSecondElapsedThreshold','1.0000000000000',''),
(1,'Quarm:SpeedieDistFromExpectedThreshold','125.0000000000000',''),
(1,'Quarm:SpeedieDistFromZonePointThreshold','500.0000000000000',''),
(1,'Quarm:SpeedieDistFromBoatThreshold','750.0000000000000',''),
(1,'Quarm:SpeedieSlowerDistDivTime','160.0000000000000',''),
(1,'Quarm:SpeedieHigherDistDivTime','160.0000000000000',''),
(1,'Quarm:SpeedieBardDistDivTime','175.0000000000000',''),
(1,'Quarm:SpeedieHighSpeedThreshold','1.1000000238419',''),
(1,'Quarm:SpeedieBardSpeedThreshold','1.3999999761581',''),
(1,'Map:FixPathingZMaxDeltaSendTo','20.0000000000000','at runtime in SendTo: max change in Z to allow the BestZ code to apply.'),
(1,'Map:FixPathingZMaxDeltaLoading','200.0000000000000','while loading each waypoint: max change in Z to allow the BestZ code to apply.'),
(1,'Map:BestZSizeMax','20.0000000000000','When calculating bestz using size, this is our size cap. Setting this too high causes dragons and giants to hop.'),
(1,'Pathing:NavmeshStepSize','100.0000000000000','Step size for the movement manager'),
(1,'Pathing:ShortMovementUpdateRange','130.0000000000000','Range for short movement updates'),
(1,'Doors:LargeRaceZ','150.0000000000000',''),
(1,'Doors:NormalRaceZ','20.0000000000000',''),
(1,'Quarm:VeliousEraAggroCaps','false','Use Velious Era Aggro '),
(1,'Quarm:PreLuclinDiseaseCounterAggro','true',''),
(1,'Quarm:MaxTradeskillCap','250','During Classic until late Kunark, this should remain 200.'),
(1,'Quarm:ClientInstanceBootGraceMS','0',''),
(1,'Quarm:HardcoreDeathLevel','1','Defaults to level 1. The level in which someone will be wiped upon dying if hardcore.'),
(1,'Quarm:RespawnReductionDungeonPullLimit','35',''),
(1,'Chat:KarmaGlobalChatLevelLimit','2','level limit you need to of reached to talk in ooc/auction/chat if your karma is too low.'),
(1,'Quarm:RespawnReductionDungeonHigherBound','480000','500s'),
(1,'Quarm:RespawnReductionDungeonLowerBoundMin','360001','300 to 899 seconds'),
(1,'Quarm:RespawnReductionDungeonHigherBoundMin','900000','900 to 2400 seconds'),
(1,'Quarm:RespawnReductionDungeonLowerBoundMax','899000','300 to 899 seconds'),
(1,'Quarm:RespawnReductionDungeonHigherBoundMax','2400000','900 to 2400 seconds'),
(1,'Quarm:RespawnReductionDungeonLowerBound','360000','300s'),
(1,'Quarm:GuildFTEDisengageTimeMS','60000',''),
(1,'Quarm:EnableProjectSpeedie','true',''),
(1,'Quarm:NoPlayerDamagePetPenalty','true','During Classic through Velious, true in Luclin+'),
(1,'Quarm:ThanksgivingExpBonus','false',''),
(1,'Quarm:ThanksgivingExpBonusOutdoorAmt','0.0420',''),
(1,'Quarm:FlyingRaceExpBonus','0.069',''),
(1,'Quarm:EnableNPCProximityAggroSystem','false','Classic behavior is true. Live Quarm has this false by default. CSR complaints about training warranted this behavior.'),
(1,'Quarm:AutomatedRaidRotationRaidGuildLevelRequirement','1','Required level to participate in raid content.'),
(1,'Quarm:AutomatedRaidRotationRaidGuildMemberCountRequirement','1','Required amount of members to participate in a raid encounter. Not all of these must be in the same guild (see below rule.)'),
(1,'Quarm:AutomatedRaidRotationRaidNonMemberCountRequirement','1','Required amount of same-guild members to participate in a raid encounter. These must be in the same guild, and one officer from the current guild must be in the raid.'),
(1,'Quarm:ErollsiDayEvent','false',''),
(1,'World:MaxMulesPerIP','1','Maximum number of mules allowed to connect per IP address if account status is < AddMaxClientsStatus. Default value: -1 (feature disabled)'),
(1,'Quarm:RestrictIksarsToKunark','false',''),
(1,'Quarm:AOEMaxHostilePBAOETargets','25',''),
(1,'Quarm:AOEThrottlingMaxClients','50','This will curb nonsense with performance issues relating to amount of targets if the amount of clients exceeds 300 in a single zone.'),
(1,'AlKabor:GreenmistHack','true','Greenmist recourse didn\'t work on AK.  The spell data is messed up so it\'s not properly fixable without modifying the client.  This enables a partial workaround that is not AKurate but provides some benefit to players using this weapon.'),
(1,'World:WorldClientLinkdeadMS','15000','the time before a client times out as stale from world. 45s default.'),
(1,'World:ClientTimeoutStaleAmount','3',''),
(1,'Quarm:AllowBypassMaxClientsOnWorldEnter','false',''),
(1,'Quarm:EnableQuestBasedXPLimit','false','Whether or not to enable the Quest XP killswitch. Use on major content launches to avoid abuse.'),
(1,'Quarm:QuestBasedXPLimitLevel','61','For Kunark. Adjust for POP Launch.'),
(1,'Quarm:InstanceAlwaysHasMinimumSpawnTime','true',''),
(1,'Quarm:InstanceMinimumSpawnTime','64800000',''),
(1,'Logging:PrintFileFunctionAndLine','true','Ex: [World Server] [net.cpp::main:309] Loading variables...'),
(1,'Spells:ShowDotDmgMessages','true','Enables LoY-era DoT damage messages. Disabled by default since this didn\'t exist on Al\'Kabor.'),
(1,'World:EnableDevTools','true','Enable or Disable the Developer Tools globally (Most of the time you want this enabled)'),
(1,'Zone:GlobalLootMultiplier','1','Sets Global Loot drop multiplier for database based drops, useful for double, triple loot etc'),
(1,'Character:PerCharacterBucketMaxLevel','false','This will check for data bucket \'CharMaxLevel\', if player tries to level beyond that point, it will not go beyond that level'),
(1,'Spells:EnableSpellBuckets','false','If Enabled, spells check the spell_buckets table and compare character data from their data buckets before allowing the spell to scribe with scribespells'),
(1,'Quarm:BonusGroupEXPOverride','true','Quarm\'s custom group EXP bonus override. For server events that directly target group bonuses.'),
(1,'Quarm:BonusGroupEXP2MemberOverride','1.20','Quarm\'s custom group EXP bonus override for x members. For server events that directly target group bonuses.'),
(1,'Quarm:BonusGroupEXP3MemberOverride','1.25','Quarm\'s custom group EXP bonus override for x members. For server events that directly target group bonuses.'),
(1,'Quarm:BonusGroupEXP4MemberOverride','1.35','Quarm\'s custom group EXP bonus override for x members. For server events that directly target group bonuses.'),
(1,'Quarm:BonusGroupEXP5MemberOverride','1.45','Quarm\'s custom group EXP bonus override for x members. For server events that directly target group bonuses.'),
(1,'Quarm:BonusGroupEXP6MemberOverride','1.75','Quarm\'s custom group EXP bonus override for x members. For server events that directly target group bonuses. Normally: 35'),
(1,'Quarm:BonusGroupEXP7MemberOverride','1.75','Quarm\'s custom group EXP bonus override for x members. For server events that directly target group bonuses. Normally: 40'),
(1,'Quarm:CursorAllowDuplicateItems','true','Allows duplicate item IDs to stack on the cursor. Set to false to emulate very early clients.'),
(1,'Quarm:MaxTimeSpentProcessingConns','300',''),
(1,'Quarm:ClientBeneficialSpellDurationModifier','true','Enables or disables duration modification for player beneficial spells'),
(1,'Quarm:ClientDetrimentalSpellDurationModifier','false','Enables or disables duration modification for player detrimental spells'),
(1,'Quarm:ClientFactionMultiplier','1.0','Client personal faction adjustment multiplier'),
(1,'Quarm:ClientFactionOverride','false','Enables or disables client personal faction adjustment'),
(1,'Quarm:LichDamageMitigation','true','Quarm lich hack to make PoP era lich spell data cause the correct live era pvp mitigated damage to self.'),
(1,'Quarm:NPCBeneficialSpellDurationModifier','false','Enables or disables duration modification for NPC beneficial spells'),
(1,'Quarm:NPCDetrimentalSpellDurationModifier','false','Enables or disables duration modification for NPC detrimental spells'),
(1,'Quarm:EnableGlobalSkillupDifficultyAdjustments','true','Enables or disables skillup modifiers globally for players. Lower = Faster.'),
(1,'Quarm:GlobalSkillupDifficultyAdjustment','0.5','Multiplier forEnableGlobalSkillupDifficultyAdjustments - default is 1.0f. 0.5 would be double (Lower = Faster)'),
(1,'Quarm:BardInstagibResummonTimerMS','6500',''),
(1,'Quarm:BardInstagibHPRatio','95.0',''),
(1,'Quarm:BardInstagibPullLimit','16',''),
(1,'Quarm:EnableBardInstagibLimit','true',''),
(1,'Quarm:EnableQuestExpMultiplier','true',''),
(1,'Quarm:QuestExpMultiplier','1.0',''),
(1,'Quarm:GlobalTradeSkillupDifficultyAdjustment','1.0',''),
(1,'Quarm:ChatHostname','pq.projectquarm.com',''),
(1,'Quarm:ChatPort','7778',''),
(1,'Quarm:ChatShortName','quarm',''),
(1,'Quarm:AllianceChannelLevelRequirement','10',''),
(1,'Spells:RainPreventKill','false',''),
(1,'Quarm:AllianceChannelName','Alliance',''),
(1,'Quarm:AllianceChannelReplacementName','General',''),
(1,'Spells:RainWizardResistChance','0','Chance for wizard rain spells to get resisted automatically'),
(1,'Quarm:DruidEpicAppliesEnsnare','true',''),
(1,'Quarm:PreNerfSneakHide','true','This should be false during Luclin.'),
(1,'Quarm:RebirthTitleLevel','60','The minimum level before we add a title for rebirth.'),
(1,'Analytics:CrashReporting','true','Automatic crash reporting analytics for EQEmu Server developers'),
(1,'Analytics:GenerateCore','false','Generate core dump file when crashes occur'),
(1,'Expansion:CurrentExpansion','-1','The current expansion enabled for the server [-1 = All Expansion, 0 = Classic, 1 = Kunark etc.]'),
(1,'Expansion:UseExperienceExpansionSetting','true','Set ZEM for appropiate expansion setting'),
(1,'Expansion:UseItemExpansionSetting','true','Disabled focus effect, skill mod, bane, and level rec/req on items for appropiate expansion setting'),
(1,'HotReload:QuestsRepopWhenPlayersNotInCombat','true','When a hot reload is triggered, the zone will repop when no clients are in combat'),
(1,'HotReload:QuestsRepopWithReload','true','When a hot reload is triggered, the zone will repop'),
(1,'HotReload:QuestsResetTimersWithReload','true','When a hot reload is triggered, quest timers will be reset'),
(1,'Logging:WorldGMSayLogging','true','Relay worldserver logging to zone processes via GM say output'),
(1,'NPC:NPCToNPCAggroTimerMax','6000','Maximum time span after which one NPC aggro another NPC (milliseconds)'),
(1,'NPC:NPCToNPCAggroTimerMin','500','Minimum time span after which one NPC aggro another NPC (milliseconds)'),
(1,'Network:ResendDelayBaseMS','100','Base delay for resending data in EQStreamManager (milliseconds)'),
(1,'Network:ResendDelayFactor','1.5000000000000','Multiplier for the base delay when resending data in EQStreamManager'),
(1,'Network:ResendDelayMaxMS','5000','Maximum timespan between two send retries (milliseconds)'),
(1,'Network:ResendDelayMinMS','300','Minimum timespan between two send retries (milliseconds)'),
(1,'World:MOTD','','Server MOTD sent on login, change from empty to have this be used instead of variables table \'motd\' value'),
(1,'World:MaximumQuestErrors','30','Changes the maximum number of quest errors that can be displayed in #questerrors, default is 30'),
(1,'World:UseOldShadowKnightClassExport','true','Disable to have Shadowknight show as Shadow Knight (live-like)'),
(1,'Zone:HotZoneBonus','0.7500000000000','Value which is added to the experience multiplier. This also applies to AA experience.'),
(1,'Zone:KillProcessOnDynamicShutdown','true','When process has booted a zone and has hit its zone shut down timer, it will hard kill the process to free memory back to the OS'),
(1,'Quarm:BardInstagibReverseSummon','true','Should NPCs reverse summon themselves to the Bard'),
(1,'Quarm:ShowTemporaryLastNames','true','Shows last names that are configured by the Title NPC.'),
(1,'Quarm:ProjectSpeedieBroadcastUnknownZone','true',''),
(1,'Quarm:BeastlordMaxLevel','35',''),
(1,'SelfFound:PetLootSupport','true','Allow solo/self-found players to loot their own SF items back from pet/npc corpses. This allows SF players to recover their items they gave to charmed pets.'),
(1,'Quarm:MaxPVPPBAOETargets','72',''),
(1,'Quarm:PVPExpLossMultiplier','0.1500000059605',''),
(1,'Quarm:PVPInstanceMinimumSpawnTime','72',''),
(1,'Quarm:PVPInstanceZEMOverride','110.0000000000000',''),
(1,'Quarm:PVPMobLeashUnits','300.0000000000000',''),
(1,'Quarm:PVPInstanceGraveyardTime','30',''),
(1,'Quarm:PVPDayVariance','7.0000000000000','');
/*!40101 SET @saved_cs_client     = @@character_set_client */;
/*!40101 SET character_set_client = utf8 */;
CREATE TABLE `variables` (
  `varname` varchar(25) NOT NULL DEFAULT '',
  `value` text NOT NULL,
  `information` text NOT NULL,
  `ts` timestamp NOT NULL DEFAULT current_timestamp() ON UPDATE current_timestamp(),
  PRIMARY KEY (`varname`)
) ENGINE=MyISAM DEFAULT CHARSET=latin1 COLLATE=latin1_swedish_ci;
/*!40101 SET character_set_client = @saved_cs_client */;
INSERT INTO `variables` VALUES
('AAXPMod','0.75','AA Experience multipler. Increase to increase exp rate','2015-02-03 01:59:49'),
('ACfail','15','the percentage of time AC fails to protect. 0 would mean there was always some level of protection, 100 would mean AC has no affect. When AC fails, it will be possible to get a max dmg hit.','2015-02-03 01:59:49'),
('ACrandom','20','','2015-02-03 01:59:49'),
('ACreduction','3','','2015-02-03 01:59:49'),
('ailevel','6','','2015-02-03 01:59:49'),
('curInstFlagNum','2002','Determines what instance flag will be handed out next','2015-02-03 01:59:49'),
('DBVersion','070_pop','DB version info','2015-02-03 01:59:49'),
('decaytime 1 54','450','Corpse decay time for Level\'s 1 to 54','2015-02-03 01:59:49'),
('decaytime 55 100','1800','Corpse decay time for Level\'s 55 to 100','2015-02-03 01:59:49'),
('dfltInstZflag','1000','Used to determine if a zone is instanced, must be 1000 or greater','2015-02-03 01:59:49'),
('disablecommandline','0','Allow command lines to be run from world.exe | 0 - off | 1 - on |','2015-02-03 01:59:49'),
('Expansions','0','Accessible expansions for each player. Default 15','2023-08-01 22:15:30'),
('EXPMod','0.75','Experience multipler. Increase to increase exp rate','2015-02-03 01:59:49'),
('git-BRANCH','prerelease','git rev-parse --abbrev-ref HEAD','2023-07-24 05:49:37'),
('git-HEAD-hash','rev-parse','git rev-parse HEAD','2015-10-22 15:52:50'),
('GroupEXPBonus','0.60','Experience multipler. Increase to increase group exp rate','2015-02-03 01:59:49'),
('GuildWars','0','Enable Guild Wars Type Server | 0 - off | 1 - on |','2015-02-03 01:59:49'),
('holdzones','0','Restart Crashed Zone Servers | 0 - off | 1 - on |','2015-02-03 01:59:49'),
('leavecorpses','0','Players leave corpses | 0 - off | 1 - on |','2015-02-03 01:59:49'),
('loglevel','0000','Commands,Merchants,Trades,Loot','2015-02-03 01:59:49'),
('Max_AAXP','21626880','Max AA Experience','2015-02-03 01:59:49'),
('MerchantsKeepItems','1','Merchants keep items sold to them | 0 - off | 1 - on |','2015-02-03 01:59:49'),
('MOTD','Welcome to Project Quarm! The standard ruleset is currently in effect.','','2025-01-13 15:14:47'),
('hotfix_name','','','2025-01-02 14:45:22'),
('CustomChecksum','29639760219562021','Checksum','2023-10-08 04:08:30'),
('PreviousCustomChecksum','842229906096202','Previously active checksum if any.','2023-10-08 04:08:29'),
('CustomSpellsChecksum','8148329455921329','Spells custom checksum.','2023-11-27 02:44:17');
